case_id,delta_t,k_p_m2_s,initial_tgo_thickness_um,cycle_dt_s,t_min_C,t_max_C,n_cycles,roughness_amplitude_um,roughness_wavelength_um,growth_eigenstrain_coeff,R_final,R_max,slope_early,slope_late,n_star,threshold_ratio,threshold_value,final_tgo_thickness,max_sigma_yy_over_life,max_tau_xy_over_life
17,745.3023626663944,5.809267341736716e-12,2.259977218436254,801.4357967569531,25.0,770.3023626663944,10,5.844049206790924,206.48522882666785,0.001,63941941.83382706,113559180.87328872,-34671050.558986396,-13422531.322851324,1,0.8,90847344.69863099,285.33885041023996,11910669880.87736,10826415924.424835
