case_id,delta_t,k_p_m2_s,initial_tgo_thickness_um,cycle_dt_s,t_min_C,t_max_C,n_cycles,roughness_amplitude_um,roughness_wavelength_um,growth_eigenstrain_coeff,R_final,R_max,slope_early,slope_late,n_star,threshold_ratio,threshold_value,final_tgo_thickness,max_sigma_yy_over_life,max_tau_xy_over_life
11,655.5089968193153,9.245749024810627e-12,1.3676532110824966,342.56354749241694,25.0,680.5089968193153,10,1.0151473308061636,450.15515314923255,0.001,59746751.052682936,194304423.50324968,-73046592.43772253,-11575429.075796004,1,0.8,155443538.80259976,295.20997692457206,16920603420.160069,18849387488.85325
