case_id,delta_t,k_p_m2_s,initial_tgo_thickness_um,cycle_dt_s,t_min_C,t_max_C,n_cycles,roughness_amplitude_um,roughness_wavelength_um,growth_eigenstrain_coeff,R_final,R_max,slope_early,slope_late,n_star,threshold_ratio,threshold_value,final_tgo_thickness,max_sigma_yy_over_life,max_tau_xy_over_life
13,968.5366763058678,4.540640161301225e-12,1.1112904527640315,604.1752534688331,25.0,993.5366763058678,10,7.146590641510531,384.2311033449574,0.001,111974154.64250818,221624563.25932652,-71444712.03850508,-23205970.516349524,1,0.8,177299650.6074612,233.8343433671091,18453222478.607265,18564768280.149216
