case_id,delta_t,k_p_m2_s,initial_tgo_thickness_um,cycle_dt_s,t_min_C,t_max_C,n_cycles,roughness_amplitude_um,roughness_wavelength_um,growth_eigenstrain_coeff,R_final,R_max,slope_early,slope_late,n_star,threshold_ratio,threshold_value,final_tgo_thickness,max_sigma_yy_over_life,max_tau_xy_over_life
10,679.6092952674668,9.652528367842836e-12,4.581815001178286,618.9799131488478,25.0,704.6092952674668,10,8.11491071892246,344.30872361877056,0.001,50622130.58435739,73470365.12161565,-20090396.598205414,-10787282.266120946,1,0.8,58776292.09729252,343.0501055876583,8494826887.373283,6604743199.113403
