case_id,delta_t,k_p_m2_s,initial_tgo_thickness_um,cycle_dt_s,t_min_C,t_max_C,n_cycles,roughness_amplitude_um,roughness_wavelength_um,growth_eigenstrain_coeff,R_final,R_max,slope_early,slope_late,n_star,threshold_ratio,threshold_value,final_tgo_thickness,max_sigma_yy_over_life,max_tau_xy_over_life
14,862.8242613807383,2.1106526315979477e-14,2.4170975359111084,694.3418284622852,25.0,887.8242613807383,10,8.685325582583783,414.0329242489063,0.001,79009895.40636922,79212278.50940731,-16518699.711362788,-16951229.46268296,1,0.8,63369822.80752585,16.704279665439923,6034655404.947395,979036408.3957896
