case_id,delta_t,k_p_m2_s,initial_tgo_thickness_um,cycle_dt_s,t_min_C,t_max_C,n_cycles,roughness_amplitude_um,roughness_wavelength_um,growth_eigenstrain_coeff,R_final,R_max,slope_early,slope_late,n_star,threshold_ratio,threshold_value,final_tgo_thickness,max_sigma_yy_over_life,max_tau_xy_over_life
5,1030.7977047151605,6.375567614106169e-12,4.310645677494195,351.07075442635437,25.0,1055.7977047151605,10,2.2144031266760096,230.7725790858196,0.001,112137718.21710868,126084474.2349229,-28900143.105705768,-24108149.6512384,1,0.8,100867579.38793832,246.2818317956052,9313551747.245192,4594737575.214006
