case_id,delta_t,k_p_m2_s,initial_tgo_thickness_um,cycle_dt_s,t_min_C,t_max_C,n_cycles,roughness_amplitude_um,roughness_wavelength_um,growth_eigenstrain_coeff,R_final,R_max,slope_early,slope_late,n_star,threshold_ratio,threshold_value,final_tgo_thickness,max_sigma_yy_over_life,max_tau_xy_over_life
7,773.0836249506764,1.3204674218779738e-12,0.4078705833771783,1182.6696566208702,25.0,798.0836249506764,10,3.680176849695904,475.1470412737722,0.001,88656299.92881437,287883489.36297846,-109139944.20179772,-16899158.770652313,1,0.8,230306791.4903828,153.42665483479496,25391118545.72184,30173231855.107395
