case_id,delta_t,k_p_m2_s,initial_tgo_thickness_um,cycle_dt_s,t_min_C,t_max_C,n_cycles,roughness_amplitude_um,roughness_wavelength_um,growth_eigenstrain_coeff,R_final,R_max,slope_early,slope_late,n_star,threshold_ratio,threshold_value,final_tgo_thickness,max_sigma_yy_over_life,max_tau_xy_over_life
16,920.6060399024353,7.505442071642076e-12,4.152395008262379,905.6003667084451,25.0,945.6060399024353,10,9.164277543740575,223.81009101869537,0.001,91272981.43497086,120283623.98564088,-30964622.67895059,-19530873.853633415,1,0.8,96226899.18851271,336.1832918781622,10517223432.842785,7698215522.454899
