feature,coef,importance
delta_t,906776868.4561316,906776868.4561316
e_scale,510700475.8361325,510700475.8361325
alpha_scale,458132352.8307723,458132352.8307723
ysz_thickness_um,58151553.18064127,58151553.18064127
bond_thickness_um,-41421003.886354804,41421003.886354804
tgo_thickness_um,-10177432.416184638,10177432.416184638
