feature,importance
delta_t,0.7732094688258939
e_scale,0.0899644466254432
ysz_thickness_um,0.05297175732237909
alpha_scale,0.04539707003796773
bond_thickness_um,0.02187223091530569
tgo_thickness_um,0.01658502627301028
