feature,importance
delta_t,0.697371749536529
e_scale,0.12210047602959219
alpha_scale,0.0695384204401241
tgo_thickness_um,0.053356479813484084
ysz_thickness_um,0.03173332160537867
bond_thickness_um,0.025899552574891883
