feature,importance
delta_t,0.7146881260573792
alpha_scale,0.13591462311842467
e_scale,0.05373635154684944
tgo_thickness_um,0.03682832285230735
ysz_thickness_um,0.03593304882978981
bond_thickness_um,0.022899527595249665
