feature,coef,importance
delta_t,124180782.27253126,124180782.27253126
e_scale,77042990.38355489,77042990.38355489
alpha_scale,73188158.29569462,73188158.29569462
tgo_thickness_um,31053529.36416598,31053529.36416598
ysz_thickness_um,14711974.432120625,14711974.432120625
bond_thickness_um,7506354.08648618,7506354.08648618
