feature,coef,importance
delta_t,907935204.1906458,907935204.1906458
e_scale,511214125.4788109,511214125.4788109
alpha_scale,457595160.26984644,457595160.26984644
ysz_thickness_um,58544215.69377035,58544215.69377035
bond_thickness_um,-41489831.42830094,41489831.42830094
tgo_thickness_um,-13311544.743096089,13311544.743096089
