feature,importance
delta_t,0.6402277000384138
e_scale,0.17273467176280888
alpha_scale,0.0917250400076949
ysz_thickness_um,0.03888373583423507
tgo_thickness_um,0.034678819451208834
bond_thickness_um,0.021750032905638463
