feature,importance
delta_t,0.8335470757344463
e_scale,0.05248806976067812
alpha_scale,0.03498445321007029
bond_thickness_um,0.03384109560138566
ysz_thickness_um,0.03044228436779274
tgo_thickness_um,0.014697021325626999
