feature,coef,importance
delta_t,112230693.6614462,112230693.6614462
e_scale,61715915.32201278,61715915.32201278
alpha_scale,54185426.97147069,54185426.97147069
tgo_thickness_um,-37568208.82792724,37568208.82792724
ysz_thickness_um,17455783.967270713,17455783.967270713
bond_thickness_um,-9093128.200684184,9093128.200684184
