feature,importance
delta_t,0.60018699465721
e_scale,0.18596132928450507
alpha_scale,0.07868182459951822
ysz_thickness_um,0.06160744831911069
tgo_thickness_um,0.044156648636626224
bond_thickness_um,0.02940575450302973
