case_id,delta_t,k_p_m2_s,initial_tgo_thickness_um,cycle_dt_s,t_min_C,t_max_C,n_cycles,roughness_amplitude_um,roughness_wavelength_um,growth_eigenstrain_coeff,R_final,R_max,slope_early,slope_late,n_star,threshold_ratio,threshold_value,final_tgo_thickness,max_sigma_yy_over_life,max_tau_xy_over_life
18,626.3455254700556,2.225445377042661e-12,2.8816715926820966,869.3701408705099,25.0,651.3455254700556,10,1.779624838566833,340.6397934095286,0.001,42441032.58663768,51676485.72747404,-12596740.535847176,-9093442.78973466,1,0.8,41341188.58197924,180.8544550261786,7112006299.708714,4755190948.065292
