case_id,delta_t,k_p_m2_s,initial_tgo_thickness_um,cycle_dt_s,t_min_C,t_max_C,n_cycles,roughness_amplitude_um,roughness_wavelength_um,growth_eigenstrain_coeff,R_final,R_max,slope_early,slope_late,n_star,threshold_ratio,threshold_value,final_tgo_thickness,max_sigma_yy_over_life,max_tau_xy_over_life
20,881.1241150267199,7.154249665294831e-12,1.7664901001672715,1040.6556799686202,25.0,906.1241150267199,10,3.0804156877644977,56.12100694612674,0.001,95210027.17087913,231027301.60827172,-80176499.78768645,-19563691.40675564,1,0.8,184821841.2866174,342.6072444944351,17897053637.210007,18956641272.839157
