case_id,delta_t,k_p_m2_s,initial_tgo_thickness_um,cycle_dt_s,t_min_C,t_max_C,n_cycles,roughness_amplitude_um,roughness_wavelength_um,growth_eigenstrain_coeff,R_final,R_max,slope_early,slope_late,n_star,threshold_ratio,threshold_value,final_tgo_thickness,max_sigma_yy_over_life,max_tau_xy_over_life
6,704.3976475271257,3.710591194506062e-12,3.5678124611855817,1011.2102911883196,25.0,729.3976475271257,10,4.3202549684162905,487.8665223366267,0.001,53695359.1633808,68564589.20859385,-17278164.338953912,-11491476.194016576,1,0.8,54851671.36687508,244.53661581768787,8203028245.648719,5932568468.7131815
