case_id,delta_t,k_p_m2_s,initial_tgo_thickness_um,cycle_dt_s,t_min_C,t_max_C,n_cycles,roughness_amplitude_um,roughness_wavelength_um,growth_eigenstrain_coeff,R_final,R_max,slope_early,slope_late,n_star,threshold_ratio,threshold_value,final_tgo_thickness,max_sigma_yy_over_life,max_tau_xy_over_life
2,617.0587965812036,6.718200245056906e-12,3.323473874429616,715.7828349293785,25.0,642.0587965812036,10,5.130900511045216,167.41441019443403,0.001,42895095.92124913,69435452.2637199,-20184088.987846337,-9076603.05294858,1,0.8,55548361.810975924,297.3347795318204,8943069466.61817,7670291289.05678
