nx,dy_scale,element_size_um,max_sigma_yy,max_tau_xy,mean_sed
120,1.4,16.666666666666668,5269710033.38043,674395406.1035181,67823581.57442309
160,1.2,12.5,5282063712.777407,689558239.2492626,67795574.61704054
200,1.0,10.0,5289939353.120609,701521665.8751694,67606545.52564608
300,0.8,6.666666666666667,5290304844.163696,747839126.6145905,68232862.66058065
