case_id,delta_t,k_p_m2_s,initial_tgo_thickness_um,cycle_dt_s,t_min_C,t_max_C,n_cycles,roughness_amplitude_um,roughness_wavelength_um,growth_eigenstrain_coeff,R_final,R_max,slope_early,slope_late,n_star,threshold_ratio,threshold_value,final_tgo_thickness,max_sigma_yy_over_life,max_tau_xy_over_life
3,847.2473173277797,5.24894772368601e-12,0.7466876696717426,1096.1205751791936,25.0,872.2473173277797,10,9.806320835909077,76.55272130624127,0.001,122387481.49626052,575571573.2672067,-233497991.3000043,-21635089.79823513,1,0.8,460457258.61376536,298.3773447571287,29419561346.462276,35232333059.17106
