feature,coef
delta_t,906776868.4561316
tgo_thickness_um,-10177432.416184638
ysz_thickness_um,58151553.18064127
bond_thickness_um,-41421003.886354804
alpha_scale,458132352.8307723
e_scale,510700475.8361325
