feature,coef
delta_t,138640415.66907194
tgo_thickness_um,28219721.089385346
ysz_thickness_um,14721938.517701458
bond_thickness_um,2612882.974666647
alpha_scale,63054012.81441222
e_scale,69055194.44971296
