feature,coef
delta_t,22074739.519040853
tgo_thickness_um,-1004185.4473155917
ysz_thickness_um,581051.8509299167
bond_thickness_um,-225167.3935618342
alpha_scale,11024571.740037218
e_scale,5110925.111073663
