feature,coef
delta_t,19725831.37457101
tgo_thickness_um,-175682.13162860356
ysz_thickness_um,-120384.01416291308
bond_thickness_um,839371.1090478057
alpha_scale,13052817.549459852
e_scale,6329986.889762756
