delta_t,ysz_tgo_max_sigma_yy,ysz_tgo_max_tau_xy,ysz_tgo_mean_sed,tgo_bc_max_sigma_yy,tgo_bc_max_tau_xy,tgo_bc_mean_sed,cycle_id,t_state,tgo_thickness_um,ysz_thickness_um,bondcoat_thickness_um,k_p_m2_s,growth_strain
0.0,1685963135114.7358,201849313189.0214,2925394322670.386,1686365270789.6619,195301334405.21613,2925368930798.524,1,min,3.2383379966435157,200.0,150.0,3.162277660168379e-13,2.2383379966435157
875.0,1690839790049.5725,202008290970.09613,2943936976982.592,1691327737803.1763,194524013095.048,2943906200863.779,1,max,3.2383379966435157,200.0,150.0,3.162277660168379e-13,2.2383379966435157
0.0,292118129367.98,36494082426.86939,84389823286.47948,292199124245.37006,35335758463.23872,84389102723.80518,2,min,4.46919075012583,200.0,150.0,3.162277660168379e-13,0.3800877965048964
875.0,296935806123.9228,36583735512.18212,87602401739.9832,297112620442.4522,34587155053.93465,87600824655.6423,2,max,4.46919075012583,200.0,150.0,3.162277660168379e-13,0.3800877965048964
