delta_t,ysz_tgo_max_sigma_yy,ysz_tgo_max_tau_xy,ysz_tgo_mean_sed,tgo_bc_max_sigma_yy,tgo_bc_max_tau_xy,tgo_bc_mean_sed,tgo_thickness_um
679.6092952674668,4001920941.605715,443847368.05212086,38285531.474629566,4004504426.8754725,581797638.5465609,38362410.27347745,4.581815001178286
679.6092952674668,3967932783.3649454,432323174.1087413,37316138.78903481,3990035834.688655,623689705.4698507,39274421.288782954,4.581815001178286
