case_id,delta_t,k_p_m2_s,initial_tgo_thickness_um,cycle_dt_s,t_min_C,t_max_C,n_cycles,roughness_amplitude_um,roughness_wavelength_um,growth_eigenstrain_coeff,R_final,R_max,slope_early,slope_late,n_star,threshold_ratio,threshold_value,final_tgo_thickness,max_sigma_yy_over_life,max_tau_xy_over_life
12,1087.9541259213179,8.379861245587906e-12,1.4718650949529897,947.7223568101977,25.0,1112.9541259213179,10,4.96553967480588,274.5863832693117,0.001,146621072.5577824,371391442.9704688,-130528498.73469844,-29913728.349766403,1,0.8,297113154.3763751,360.137685273973,21690892727.308395,22486251884.97121
