case_id,delta_t,k_p_m2_s,initial_tgo_thickness_um,cycle_dt_s,t_min_C,t_max_C,n_cycles,roughness_amplitude_um,roughness_wavelength_um,growth_eigenstrain_coeff,R_final,R_max,slope_early,slope_late,n_star,threshold_ratio,threshold_value,final_tgo_thickness,max_sigma_yy_over_life,max_tau_xy_over_life
1,990.7485051147421,3.266298014417758e-12,1.8971568335896152,448.14671250772847,25.0,1015.7485051147421,10,0.43663647439402586,303.4616423371541,0.001,106100385.50110386,129817753.73609155,-31783270.179529823,-22736187.554171085,1,0.8,103854202.98887324,185.0383594362968,11259201019.985966,7555651671.541857
