case_id,delta_t,k_p_m2_s,initial_tgo_thickness_um,cycle_dt_s,t_min_C,t_max_C,n_cycles,roughness_amplitude_um,roughness_wavelength_um,growth_eigenstrain_coeff,R_final,R_max,slope_early,slope_late,n_star,threshold_ratio,threshold_value,final_tgo_thickness,max_sigma_yy_over_life,max_tau_xy_over_life
9,930.3440740843773,8.540249197114189e-12,0.615380464729101,430.4837340195637,25.0,955.3440740843773,10,6.074526326177682,390.7552414408557,0.001,157922960.29729354,817596720.0715965,-338133408.6329856,-27082362.435765058,1,0.8,654077376.0572772,296.6584863342265,36560706872.53919,45720238177.52884
