case_id,delta_t,k_p_m2_s,initial_tgo_thickness_um,cycle_dt_s,t_min_C,t_max_C,n_cycles,roughness_amplitude_um,roughness_wavelength_um,growth_eigenstrain_coeff,R_final,R_max,slope_early,slope_late,n_star,threshold_ratio,threshold_value,final_tgo_thickness,max_sigma_yy_over_life,max_tau_xy_over_life
4,781.9143599449277,2.7500778808384584e-12,3.1550581415001844,530.3134510604962,25.0,806.9143599449277,10,2.9292987107796775,145.14697520200102,0.001,65122763.19721007,73750788.6945252,-17029329.758570943,-13995227.064577505,1,0.8,59000630.95562016,176.33619762723924,7711926242.326879,4418337016.430209
