feature,importance
delta_t,0.9994329012163479
tgo_thickness_um,0.0003223782306672193
ysz_thickness_um,0.00022960668058741638
bondcoat_thickness_um,1.5113872397394041e-05
