feature,importance
delta_t,19362539.227465775
ysz_thickness_um,370519.3055484865
tgo_thickness_um,105317.11464172133
bondcoat_thickness_um,9864.659761090748
