case_id,delta_t,k_p_m2_s,initial_tgo_thickness_um,cycle_dt_s,t_min_C,t_max_C,n_cycles,roughness_amplitude_um,roughness_wavelength_um,growth_eigenstrain_coeff,R_final,R_max,slope_early,slope_late,n_star,threshold_ratio,threshold_value,final_tgo_thickness,max_sigma_yy_over_life,max_tau_xy_over_life
15,1069.9781282155022,1.981083653794866e-12,4.760763466230395,1145.1895084691957,25.0,1094.9781282155022,10,0.5895633787439007,275.1911637415675,0.001,119961667.62398924,127230956.1024147,-27957170.124339964,-25814944.011407163,1,0.8,101784764.88193177,186.00088426888627,8457823204.548074,3048604385.769466
