case_id,delta_t,k_p_m2_s,initial_tgo_thickness_um,cycle_dt_s,t_min_C,t_max_C,n_cycles,roughness_amplitude_um,roughness_wavelength_um,growth_eigenstrain_coeff,R_final,R_max,slope_early,slope_late,n_star,threshold_ratio,threshold_value,final_tgo_thickness,max_sigma_yy_over_life,max_tau_xy_over_life
8,1023.1851814631292,7.439407186898973e-13,3.919208442030882,485.76789494491106,25.0,1048.185181463129,10,7.621872552285204,132.34186283919564,0.001,109945582.17520866,112553345.41591646,-24250588.54499342,-23647881.804754894,1,0.8,90042676.33273317,89.96015604571518,7210280541.804417,1432094663.9612212
