case_id,delta_t,k_p_m2_s,initial_tgo_thickness_um,cycle_dt_s,t_min_C,t_max_C,n_cycles,roughness_amplitude_um,roughness_wavelength_um,growth_eigenstrain_coeff,R_final,R_max,slope_early,slope_late,n_star,threshold_ratio,threshold_value,final_tgo_thickness,max_sigma_yy_over_life,max_tau_xy_over_life
19,820.4938640398251,4.295108461566198e-12,2.7835912750648757,768.8452705465314,25.0,845.4938640398251,10,6.870077486710539,106.33822446182519,0.001,73290210.49622644,96682915.4985664,-24922293.513644308,-15664767.088756932,1,0.8,77346332.39885312,242.4894583716566,10038968260.024933,7601458475.954012
